﻿{
    "rehearsals": [
        {
            "id": "50",
            "begin": "2015-01-25 18:00:00",
            "end": "2015-01-25 20:00:00",
            "approve_until": "2015-01-25 18:00:00",
            "notes": "Die normale wöchentliche Probe",
            "name": "Probenraum",
            "street": "Probenraumstrasse 251",
            "city": "Testtown",
            "zip": "1654",
            "location": {
                "id": "1",
                "name": "Probenraum",
                "street": "Probenraumstrasse 251",
                "city": "Testtown",
                "zip": "1654"
            },
            "participate": 1,
            "reason": null,
            "songsToPractice": [],
            "comments": [
                {
                    "id": "31",
                    "author": {
                        "id": "21",
                        "fullname": "Pocke Paula"
                    },
                    "created_at": "2015-01-19 11:06:15",
                    "otype": "R",
                    "oid": "50",
                    "message": "Die Probe ist ein Test!"
                }
            ],
            "participantsNo": [],
            "participantsYes": [
                {
                    "id": "302",
                    "surname": "Hansi",
                    "name": "Hans",
                    "participate": "1",
                    "reason": null
                }
            ],
            "participantsMaybe": [],
            "participantsNoResponse": [
                {
                    "id": "6",
                    "surname": "Albers",
                    "name": "Anton"
                },
                {
                    "id": "7",
                    "surname": "Bering",
                    "name": "Betrand"
                },
                {
                    "id": "8",
                    "surname": "Celler",
                    "name": "Celine"
                }
            ]
        }
    ]
}